Datetime,Water Level (m)
2026-04-18 06:00:00,1.0716333
2026-04-18 07:00:00,1.1744107
2026-04-18 08:00:00,0.94598025
2026-04-18 09:00:00,0.4798523
2026-04-18 10:00:00,0.05362592
2026-04-18 11:00:00,-0.23633803
2026-04-18 12:00:00,-0.44810382
2026-04-18 13:00:00,-0.6225325
2026-04-18 14:00:00,-0.76156384
2026-04-18 15:00:00,-0.73559535
2026-04-18 16:00:00,-0.042474832
2026-04-18 17:00:00,0.48440868
2026-04-18 18:00:00,0.8695103
2026-04-18 19:00:00,1.0202798
2026-04-18 20:00:00,0.8110578
2026-04-18 21:00:00,0.3354412
2026-04-18 22:00:00,-0.10125925
2026-04-18 23:00:00,-0.38611078
2026-04-19 00:00:00,-0.579254
2026-04-19 01:00:00,-0.73488104
2026-04-19 02:00:00,-0.866646
2026-04-19 03:00:00,-0.8887129
2026-04-19 04:00:00,-0.25870478
2026-04-19 05:00:00,0.3597098
2026-04-19 06:00:00,0.84285593
2026-04-19 07:00:00,1.1918672
2026-04-19 08:00:00,1.2047454
2026-04-19 09:00:00,0.88809335
2026-04-19 10:00:00,0.38548127
2026-04-19 11:00:00,0.0049865106
2026-04-19 12:00:00,-0.2572555
2026-04-19 13:00:00,-0.4590936
2026-04-19 14:00:00,-0.6120925
2026-04-19 15:00:00,-0.7033429
2026-04-19 16:00:00,-0.40262422
2026-04-19 17:00:00,0.24763311
2026-04-19 18:00:00,0.67885375
2026-04-19 19:00:00,0.9902005
2026-04-19 20:00:00,0.99303836
2026-04-19 21:00:00,0.69290197
2026-04-19 22:00:00,0.20176166
2026-04-19 23:00:00,-0.17760278
2026-04-20 00:00:00,-0.41530636
2026-04-20 01:00:00,-0.5887845
2026-04-20 02:00:00,-0.7249109
2026-04-20 03:00:00,-0.8235742
2026-04-20 04:00:00,-0.6155173
2026-04-20 05:00:00,0.09720503
2026-04-20 06:00:00,0.6127829
2026-04-20 07:00:00,1.0636239
2026-04-20 08:00:00,1.2760477
2026-04-20 09:00:00,1.1805801
2026-04-20 10:00:00,0.79399705
2026-04-20 11:00:00,0.33170918
2026-04-20 12:00:00,0.0112939915
2026-04-20 13:00:00,-0.22767697
2026-04-20 14:00:00,-0.39648405
2026-04-20 15:00:00,-0.5244932
2026-04-20 16:00:00,-0.53107876
2026-04-20 17:00:00,0.0046172724
2026-04-20 18:00:00,0.4493323
2026-04-20 19:00:00,0.7766519
2026-04-20 20:00:00,0.93696547
2026-04-20 21:00:00,0.83001584
2026-04-20 22:00:00,0.4929084
2026-04-20 23:00:00,0.070389956
2026-04-21 00:00:00,-0.22885185
2026-04-21 01:00:00,-0.43247363
2026-04-21 02:00:00,-0.5802076
2026-04-21 03:00:00,-0.69574165
2026-04-21 04:00:00,-0.72277564
2026-04-21 05:00:00,-0.20479311
2026-04-21 06:00:00,0.35001868
2026-04-21 07:00:00,0.7619057
2026-04-21 08:00:00,1.0991762
2026-04-21 09:00:00,1.1781261
2026-04-21 10:00:00,0.9999933
2026-04-21 11:00:00,0.61870074
2026-04-21 12:00:00,0.22257543
2026-04-21 13:00:00,-0.038753357
2026-04-21 14:00:00,-0.23079446
2026-04-21 15:00:00,-0.37131023
2026-04-21 16:00:00,-0.47138342
2026-04-21 17:00:00,-0.37897384
2026-04-21 18:00:00,0.13254312
2026-04-21 19:00:00,0.49934712
2026-04-21 20:00:00,0.7543984
2026-04-21 21:00:00,0.8181362
2026-04-21 22:00:00,0.637644
2026-04-21 23:00:00,0.27429166
2026-04-22 00:00:00,-0.0716716
2026-04-22 01:00:00,-0.30852267
2026-04-22 02:00:00,-0.46360552
2026-04-22 03:00:00,-0.586574
2026-04-22 04:00:00,-0.66300404
2026-04-22 05:00:00,-0.56615824
2026-04-22 06:00:00,-0.016896743
2026-04-22 07:00:00,0.4045037
2026-04-22 08:00:00,0.7509015
2026-04-22 09:00:00,0.97391903
2026-04-22 10:00:00,0.9943004
2026-04-22 11:00:00,0.8129342
2026-04-22 12:00:00,0.46311513
2026-04-22 13:00:00,0.12618846
2026-04-22 14:00:00,-0.094813876
2026-04-22 15:00:00,-0.2516803
2026-04-22 16:00:00,-0.36189654
2026-04-22 17:00:00,-0.4188914
2026-04-22 18:00:00,-0.278388
2026-04-22 19:00:00,0.119827755
2026-04-22 20:00:00,0.37841132
2026-04-22 21:00:00,0.5480606
2026-04-22 22:00:00,0.5603045
2026-04-22 23:00:00,0.3953957
2026-04-23 00:00:00,0.099789925
2026-04-23 01:00:00,-0.17985176
2026-04-23 02:00:00,-0.3676157
2026-04-23 03:00:00,-0.5008451
2026-04-23 04:00:00,-0.6001848
2026-04-23 05:00:00,-0.63419104
2026-04-23 06:00:00,-0.4556361
2026-04-23 07:00:00,0.025365796
2026-04-23 08:00:00,0.35852614
2026-04-23 09:00:00,0.6283398
2026-04-23 10:00:00,0.7748565
2026-04-23 11:00:00,0.7629599
2026-04-23 12:00:00,0.6209305
2026-04-23 13:00:00,0.3552415
2026-04-23 14:00:00,0.07267002
2026-04-23 15:00:00,-0.12334194
2026-04-23 16:00:00,-0.2700712
2026-04-23 17:00:00,-0.37756282
2026-04-23 18:00:00,-0.4435143
2026-04-23 19:00:00,-0.3835868
2026-04-23 20:00:00,-0.11453513
2026-04-23 21:00:00,0.13552879
2026-04-23 22:00:00,0.2490715
2026-04-23 23:00:00,0.27470404
2026-04-24 00:00:00,0.20449498
2026-04-24 01:00:00,0.050388616
2026-04-24 02:00:00,-0.14606668
2026-04-24 03:00:00,-0.31172082
2026-04-24 04:00:00,-0.43680078
2026-04-24 05:00:00,-0.5178691
2026-04-24 06:00:00,-0.52462804
